Name,Email,Phone
Alice,alice@fakemail.com,123-456-7890
Bob,bob@mockdomain.org,987-654-3210
Charlie,charlie@fakemail.net,555-234-5678
David,david@dummyemail.com,444-555-6677
Eve,eve@placeholder.org,333-222-1122
Frank,frank@fakemail.com,222-333-4455
Grace,grace@mockdomain.org,111-222-3344
Hank,hank@dummyemail.com,999-888-7766
Ivy,ivy@fakemail.net,888-777-6655
Jack,jack@placeholder.org,777-666-5544
Karen,karen@mockdomain.org,666-555-4433
Leo,leo@dummyemail.com,555-444-3322
Mona,mona@fakemail.com,444-333-2211
Nina,nina@mockdomain.org,333-222-1100
Oscar,oscar@dummyemail.com,222-111-0099
Paul,paul@placeholder.org,111-000-9988
Quinn,quinn@fakemail.net,000-999-8877
Rita,rita@mockdomain.org,999-888-7765
Steve,steve@dummyemail.com,888-777-6654
Tina,tina@placeholder.org,777-666-5543
Uma,uma@fakemail.com,666-555-4432
Victor,victor@mockdomain.org,555-444-3321
Wendy,wendy@dummyemail.com,444-333-2210
Xander,xander@placeholder.org,333-222-1199
Yara,yara@fakemail.net,222-111-0088
Zane,zane@mockdomain.org,111-000-9977
Amy,amy@dummyemail.com,000-999-8866
Brian,brian@placeholder.org,999-888-7755
Cathy,cathy@fakemail.com,888-777-6644
Derek,derek@mockdomain.org,777-666-5533
Ella,ella@dummyemail.com,666-555-4422
Fred,fred@placeholder.org,555-444-3311
Gina,gina@fakemail.net,444-333-2200
Harry,harry@mockdomain.org,333-222-1188
Isla,isla@dummyemail.com,222-111-0077
Jake,jake@placeholder.org,111-000-9966
Kara,kara@fakemail.com,000-999-8855
Liam,liam@mockdomain.org,999-888-7744
Mia,mia@dummyemail.com,888-777-6633
Noah,noah@placeholder.org,777-666-5522
Olivia,olivia@fakemail.net,666-555-4411
Peter,peter@mockdomain.org,555-444-3300
Quincy,quincy@dummyemail.com,444-333-2299
Rachel,rachel@placeholder.org,333-222-1177
Sam,sam@fakemail.com,222-111-0066
Tara,tara@mockdomain.org,111-000-9955
Ursula,ursula@dummyemail.com,000-999-8844
Vince,vince@placeholder.org,999-888-7733
Willow,willow@fakemail.net,888-777-6622
Xena,xena@mockdomain.org,777-666-5511
Yvonne,yvonne@dummyemail.com,666-555-4400
Zack,zack@placeholder.org,555-444-3299